"","LAT","LON"
"1",-73.9886820957,40.5926531297
"2",-73.7623041123,40.7201684296
"3",-73.9332132562,40.6197681963
"4",-73.9745947088,40.6356942225
"5",-74.1485024503,40.6095774994
"6",-73.7318266816,40.7592451348
"7",-73.7916786111,40.6803113116
"8",-73.8757971089,40.7025766648
"9",-73.9175775272,40.8494940806
"10",-73.9575546134,40.7069304247
"11",-73.9531058487,40.6102566673
"12",-73.9433155984,40.8061604421
"13",-73.9235396129,40.8379589117
"14",-73.8248296985,40.6869072882
"15",-73.9834274329,40.6682166933
"16",-73.8750206002,40.8299928753
"17",-73.9364719875,40.7606431176
"18",-73.9097937387,40.745341713
"19",-73.7819089166,40.7292529463
"20",-73.9396184214,40.7045590639
"21",-73.9046288601,40.8206415647
"22",-73.8417968638,40.6638044606
"23",-73.9830630999,40.7481246964
"24",-73.9501658898,40.7612533724
"25",-73.8501814579,40.8266092254
"26",-73.9561085144,40.6818101974
"27",-73.8190936365,40.8229035714
"28",-73.7705902161,40.6728752044
"29",-73.902572375,40.7051723129
"30",-73.7520918927,40.604772113
"31",-73.9479357128,40.713644888
"32",-73.7902273917,40.6955401466
"33",-73.9760404894,40.6159160785
"34",-74.0313694054,40.6163731106
"35",-73.8878894289,40.8543469054
"36",-73.8200526582,40.6007321052
"37",-74.1385338765,40.5665301462
"38",-73.9821581041,40.7531840458
"39",-74.0053310145,40.7299829146
"40",-73.8092618174,40.6747769261
"41",-73.8536727785,40.7111856291
"42",-73.9991692843,40.7346055255
"43",-73.9149383856,40.6557102014
"44",-73.8464887284,40.6808618482
"45",-73.9052223115,40.664453793
"46",-73.9659650781,40.6408035472
"47",-73.8316254169,40.700765268
"48",-73.9820488896,40.7380871204
"49",-73.9885372705,40.7144564597
"50",-73.9348054703,40.683004902
"51",-73.9409529891,40.8146886279
"52",-73.9100871445,40.8440019118
"53",-73.9199848808,40.632636993
"54",-73.8450642753,40.870139703
"55",-74.1119581475,40.5719318484
"56",-73.8595812441,40.8910850654
"57",-73.9170212071,40.619868421
"58",-74.1148218734,40.6345089423
"59",-73.9799076544,40.7438226298
"60",-73.9933569112,40.7404654556
"61",-73.9011937916,40.8690393929
"62",-73.9186233204,40.758529267
"63",-73.8767587664,40.7385814574
"64",-73.7944075307,40.7059620938
"65",-74.1511116431,40.5524232628
"66",-74.0078616724,40.7136065153
"67",-73.9796055959,40.7193972838
"68",-73.8941356433,40.8186874033
"69",-73.8632224848,40.866804429
"70",-73.9964898664,40.7133330705
"71",-73.7683619807,40.7601255812
"72",-73.8377356028,40.5793908722
"73",-73.9860619926,40.5766377761
"74",-73.9359395884,40.8265670801
"75",-73.939309302,40.757803428
"76",-73.8945028865,40.8629806052
"77",-73.8569578538,40.8480291101
"78",-73.995698993,40.7240963609
"79",-73.9735677168,40.7540678756
"80",-74.0076981,40.7041015998
"81",-74.0074996996,40.7036018001
"82",-74.0084000005,40.7033997
"83",-74.0092009996,40.7041016002
"84",-74.0093002002,40.7033004998
"85",-74.0095978002,40.7028998998
"86",-74.0094985998,40.7028008004
"87",-74.0106963996,40.7030983001
"88",-74.0126038001,40.7023010001
"89",-74.0124969005,40.7019005001
"90",-74.0093001995,40.7015990998
"91",-74.0139998997,40.7051009996
"92",-74.0139008001,40.7051009999
"93",-74.0105971997,40.7041015999
"94",-74.0103988997,40.7038994
"95",-74.0101012997,40.7043990997
"96",-74.0102005003,40.7042998996
"97",-74.0121993994,40.7079009996
"98",-74.0130997003,40.7086982997
"99",-74.0118027004,40.7130013004
"100",-74.0118026998,40.7132988003
"101",-74.0121002005,40.7081985002
"102",-74.0119018998,40.7080993998
"103",-74.0118027001,40.7080001998
"104",-74.107213,40.618237
"105",-74.107213,40.618237
"106",-74.107213,40.618237
"107",-74.008723,40.677193
"108",-73.945137,40.801846
"109",-73.941244,40.805974
"110",-73.940566,40.805971
"111",-73.947576,40.815347
"112",-73.946537,40.811568
"113",-73.949346,40.812871
"114",-73.943912,40.806297
"115",-73.950042,40.811684
"116",-73.942971,40.815936
"117",-73.937834,40.812181
"118",-73.956094,40.80349
"119",-73.947955,40.812186
"120",-73.946296,40.812598
"121",-73.947815,40.805058
"122",-73.947675,40.805228
"123",-73.952533,40.804279
"124",-73.952133,40.804169
"125",-73.949726,40.806858
"126",-73.953778,40.801137
"127",-73.9524,40.806016
"128",-73.942537,40.805429
"129",-73.944696,40.800479
"130",-73.945598,40.798728
"131",-73.948786,40.797893
"132",-73.952822,40.801527
"133",-73.953661,40.805393
"134",-73.956706,40.802337
"135",-73.947029,40.810975
"136",-73.939561,40.809398
"137",-73.950495,40.808843
"138",-73.953054,40.805302
"139",-73.952662,40.806412
"140",-73.950536,40.805584
"141",-73.93765,40.81277
"142",-73.953922,40.80623
"143",-73.954438,40.805791
"144",-73.955388,40.804269
"145",-73.957722,40.801294
"146",-73.942356,40.803087
"147",-73.94178,40.804242
"148",-73.941374,40.804958
"149",-73.942812,40.805624
"150",-73.944977,40.806569
"151",-73.951689,40.809576
"152",-73.946637,40.807263
"153",-73.949224,40.806086
"154",-73.950577,40.810601
"155",-73.948924,40.810178
"156",-73.950126,40.811266
"157",-73.93951,40.81026
"158",-73.940149,40.806413
"159",-73.939714,40.807092
"160",-73.939065,40.807594
"161",-73.941112,40.815114
"162",-73.93889,40.808297
"163",-73.940778,40.808224
"164",-73.943671,40.810532
"165",-73.942117,40.809617
"166",-73.943866,40.811198
"167",-73.946231,40.812037
"168",-73.948843,40.813366
"169",-73.945444,40.812628
"170",-73.944689,40.812418
"171",-73.942725,40.811841
"172",-73.948359,40.813986
"173",-73.946993,40.814125
"174",-73.944376,40.813122
"175",-73.94135,40.811835
"176",-73.938925,40.810795
"177",-73.946688,40.816089
"178",-73.944955,40.81393
"179",-73.947008,40.815693
"180",-73.943417,40.809559
"181",-73.938453,40.811575
"182",-73.936231,40.812002
"183",-73.937185,40.813502
"184",-73.936726,40.814205
"185",-73.946392,40.816677
"186",-73.938941,40.814952
"187",-73.940812,40.815803
"188",-73.936507,40.811236
"189",-73.941262,40.813713
"190",-73.944461,40.809357
"191",-73.940053,40.813646
"192",-73.939112,40.813434
"193",-73.942846,40.811138
"194",-73.944004,40.809672
"195",-73.942248,40.812491
"196",-73.941693,40.812944
"197",-73.939519,40.815705
"198",-73.953554,40.801951
"199",-73.954616,40.800652
"200",-73.952405,40.802298
"201",-73.952427,40.800546
"202",-73.952942,40.803511
"203",-73.950349,40.798102
"204",-73.954549,40.799928
"205",-73.950042,40.801053
"206",-73.948492,40.796528
"207",-73.947499,40.799151
"208",-73.946685,40.800592
"209",-73.945756,40.80135
"210",-73.945158,40.802684
"211",-73.949975,40.798806
"212",-73.943026,40.802617
"213",-73.943462,40.801832
"214",-73.943796,40.801112
"215",-73.946924,40.797335
"216",-73.944932,40.799721
"217",-73.946259,40.797893
"218",-73.947474,40.796554
"219",-73.981736,40.768296
"220",-73.975224,40.760167
"221",-73.973347,40.764811
"222",-73.981963,40.753821
"223",-74.008723,40.677193
"224",-74.008723,40.677193
"225",-74.008723,40.677193
"226",-73.982209,40.77344
"227",-73.98197,40.778453
"228",-73.97641,40.775594
"229",-73.979917,40.783934
"230",-73.981637,40.762862
"231",-74.002578,40.739777
"232",-73.972143,40.781433
"233",-73.976218,40.788644
"234",-73.968916,40.785868
"235",-73.964694,40.791644
"236",-73.972323,40.793919
"237",-73.976041,40.751431
"238",-73.976848,40.751776
"239",-73.986229,40.755983
"240",-73.987691,40.755477
"241",-73.986754,40.754672
"242",-73.987495,40.75529
"243",-73.979189,40.752769
"244",-73.942836,40.754203
"245",-73.953581,40.742626
"246",-73.948916,40.742216
"247",-73.946,40.747846
"248",-73.774084,40.73121
"249",-73.943832,40.746554
"250",-73.949724,40.744065
"251",-73.898453,40.749669
"252",-73.869229,40.733106
"253",-73.913333,40.756312
"254",-73.906006,40.752885
"255",-73.882017,40.742454
"256",-73.820574,40.709179
"257",-73.844521,40.721691
"258",-73.810708,40.70546
"259",-73.801109,40.702147
"260",-73.783817,40.712646
"261",-73.877223,40.737015
"262",-73.928781,40.752039
"263",-73.937243,40.748973
"264",-73.92074,40.756879
"265",-73.803326,40.707564
"266",-73.793604,40.71047
"267",-73.861604,40.729846
"268",-73.852719,40.726523
"269",-73.776718,40.730544
"270",-73.807969,40.700486
"271",-73.837324,40.718331
"272",-73.773857,40.730124
"273",-74.005064964,40.7425912548
"274",-73.773857,40.730124
"275",-73.775861,40.726811
"276",-73.773841,40.729869
"277",-73.777129,40.730423
"278",-73.982384,40.772005
"279",-74.012924,40.61299
"280",-73.884479,40.730822
"281",-73.8842,40.730489
"282",-73.883751,40.728838
"283",-73.988109,40.771442
"284",-73.988109,40.771442
"285",-73.988109,40.771442
"286",-73.988109,40.771442
"287",-73.988109,40.771442
"288",-73.831008,40.714441
"289",-73.891338,40.746644
"290",-73.968379,40.799446
"291",-73.988109,40.771442
"292",-74.139087,40.59205
"293",-74.138573,40.591904
"294",-74.138056,40.592023
"295",-73.947478,40.7906
"296",-74.139153,40.591847
"297",-74.13812,40.59203
"298",-73.981478,40.71996
"299",-73.981299,40.720102
"300",-73.987162,40.689319
"301",-73.987162,40.689319
"302",-73.987162,40.689319
"303",-73.981466,40.719789
"304",-73.981438,40.720005
"305",-73.939357,40.812681
"306",-73.939357,40.812681
"307",-73.939357,40.812681
"308",-73.939357,40.812681
"309",-73.939357,40.812681
"310",-73.939357,40.812681
"311",-73.939357,40.812681
"312",-73.939357,40.812681
"313",-73.870981,40.733142
"314",-73.871128,40.733186
"315",-73.961265,40.742094
"316",-73.961256,40.741994
"317",-73.941333,40.846889
"318",-73.941722,40.846472
"319",-73.981929,40.768247
"320",-73.961454,40.796092
"321",-73.941347,40.8462
"322",-73.939981,40.846444
"323",-73.940883,40.846686
"324",-73.9354,40.7931
"325",-73.9252,40.777
"326",-73.8466,40.7221
"327",-74.1063,40.6173
"328",-73.94086,40.846562
"329",-73.940706,40.846383
"330",-73.942178,40.824778
"331",-73.942464,40.824131
"332",-73.942464,40.824131
"333",-73.942464,40.824131
"334",-73.942464,40.824131
"335",-74.0667,40.589
"336",-74.0028,40.7148
"337",-73.9817,40.7265
"338",-73.8443,40.7432
"339",-73.94425,40.79502
"340",-73.949625,40.802098
"341",-73.941617,40.798629
"342",-73.954882,40.805085
"343",-73.96411,40.807722
"344",-73.945502,40.807745
"345",-73.937594,40.804138
"346",-73.952343,40.811109
"347",-73.94077,40.814229
"348",-73.947649,40.817894
"349",-73.953676,40.822008
"350",-73.95036,40.826551
"351",-73.936245,40.820421
"352",-73.944216,40.824783
"353",-73.938209,40.830135
"354",-73.941514,40.830518
"355",-73.94489,40.834041
"356",-74.011029,40.710688
"357",-73.939892,40.836013
"358",-73.939704,40.847391
"359",-73.937969,40.851695
"360",-73.93418,40.859022
"361",-73.929412,40.855225
"362",-73.96387,40.768141
"363",-73.959874,40.77362
"364",-73.95107,40.785672
"365",-73.91924,40.807566
"366",-73.966847,40.803967
"367",-73.958159,40.800605
"368",-73.951822,40.799075
"369",-73.914042,40.805368
"370",-73.988114,40.718611
"371",-73.987437,40.718315
"372",-73.927271,40.865491
"373",-73.907657,40.808719
"374",-73.904098,40.812118
"375",-73.990173,40.713715
"376",-73.83003,40.7596
"377",-74.007582,40.710374
"378",-74.006571,40.709416
"379",-74.009509,40.710368
"380",-73.999153,40.71417
"381",-74.007691,40.710197
"382",-73.93647,40.82388
"383",-73.919899,40.868072
"384",-73.816859,40.702566
"385",-73.896435,40.816104
"386",-73.989938,40.723402
"387",-73.878855,40.874811
"388",-73.887138,40.873244
"389",-73.893509,40.866978
"390",-73.942464,40.824131
"391",-73.942464,40.824131
"392",-73.88536,40.718812
"393",-73.877806,40.720231
"394",-73.877337,40.720598
"395",-73.877935,40.721026
"396",-73.885335,40.71921
"397",-73.987162,40.689319
"398",-73.983849,40.694693
"399",-73.983849,40.694693
"400",-73.983328,40.693721
"401",-73.983328,40.693721
"402",-73.985788,40.69335
"403",-73.985788,40.69335
"404",-73.985788,40.69335
"405",-73.978541,40.686371
"406",-73.978541,40.686371
"407",-73.983025,40.692723
"408",-73.983025,40.692723
"409",-73.983931,40.690406
"410",-73.983931,40.690406
"411",-73.982587,40.692087
"412",-73.982587,40.692087
"413",-73.982488,40.69189
"414",-73.982488,40.69189
"415",-73.988519,40.693625
"416",-73.988347,40.693636
"417",-73.988347,40.693636
"418",-73.988347,40.693636
"419",-73.988347,40.693636
"420",-73.988347,40.693636
"421",-73.988347,40.693636
"422",-73.988347,40.693636
"423",-73.986706,40.69401
"424",-73.986706,40.69401
"425",-73.986706,40.69401
"426",-73.986706,40.69401
"427",-73.986706,40.69401
"428",-73.982158,40.689942
"429",-73.982158,40.689942
"430",-73.988131,40.691738
"431",-73.988131,40.691738
"432",-73.987419,40.693348
"433",-73.987117,40.692417
"434",-73.987117,40.692417
"435",-73.987117,40.692417
"436",-73.988304,40.692178
"437",-73.988433,40.692023
"438",-73.988311,40.691976
"439",-73.988669,40.692174
"440",-73.988304,40.692178
"441",-73.984435,40.690364
"442",-73.984435,40.690364
"443",-73.981975,40.689334
"444",-73.981975,40.689334
"445",-73.98662,40.691224
"446",-73.98662,40.691224
"447",-73.983165,40.689633
"448",-73.983165,40.689633
"449",-73.983165,40.689633
"450",-73.983165,40.689633
"451",-73.983165,40.689633
"452",-73.986787,40.692144
"453",-73.986787,40.692144
"454",-73.981975,40.689334
"455",-73.981975,40.689334
"456",-73.974472,40.685308
"457",-73.974472,40.685308
"458",-73.982302,40.688825
"459",-73.982302,40.688825
"460",-73.990089,40.693069
"461",-73.990089,40.693069
"462",-73.990089,40.693069
"463",-73.990089,40.693069
"464",-73.986074,40.696652
"465",-73.986074,40.696652
"466",-73.986074,40.696652
"467",-73.884938,40.720508
"468",-73.882524,40.718224
"469",-73.877119,40.7197
"470",-73.852882,40.685616
"471",-73.853854,40.686245
"472",-73.853153,40.687073
"473",-73.854035,40.686889
"474",-73.865607,40.731675
"475",-73.865623,40.732253
"476",-73.865119,40.732686
"477",-73.865607,40.731675
"478",-73.865607,40.731675
"479",-73.949511,40.720079
"480",-73.949511,40.720079
"481",-73.944909,40.805013
"482",-73.944885,40.80501
"483",-73.944909,40.805013
"484",-73.944909,40.805013
"485",-73.944909,40.805013
"486",-73.944909,40.805013
"487",-73.944909,40.805013
"488",-73.944909,40.805013
"489",-73.965084,40.757418
"490",-73.965084,40.757418
"491",-73.965084,40.757418
"492",-74.005544,40.672583
"493",-74.008235,40.673349
"494",-74.00485,40.673031
"495",-74.006915,40.672969
"496",-74.004145,40.672214
"497",-74.003688,40.671167
"498",-74.004046,40.672356
"499",-74.004303,40.672413
"500",-74.003744,40.672289
"501",-74.004648,40.672515
"502",-74.004303,40.672413
"503",-73.981774,40.773542
"504",-73.799894,40.586556
"505",-73.799973,40.586541
"506",-73.811051,40.584669
"507",-73.811003,40.584551
"508",-73.810694,40.584614
"509",-73.810683,40.584727
"510",-73.811217,40.584485
"511",-73.817686,40.58305
"512",-73.817877,40.582914
"513",-73.817578,40.582824
"514",-73.817185,40.582957
"515",-73.816689,40.583099
"516",-73.826296,40.580559
"517",-73.826272,40.580467
"518",-73.825958,40.580555
"519",-73.825969,40.580704
"520",-74.0032571552,40.7418393463
"521",-73.826621,40.580352
"522",-73.829855,40.579986
"523",-73.835761,40.577846
"524",-73.835788,40.577878
"525",-73.835601,40.577898
"526",-73.835664,40.577871
"527",-73.744988,40.596479
"528",-73.745389,40.596374
"529",-73.745791,40.596321
"530",-73.746262,40.596197
"531",-73.747247,40.595714
"532",-73.747612,40.595592
"533",-73.769814,40.687262
"534",-73.769815,40.68716
"535",-73.769559,40.687191
"536",-73.769559,40.687191
"537",-73.769559,40.687191
"538",-73.769559,40.687191
"539",-73.769559,40.687191
"540",-73.769559,40.687191
"541",-73.769559,40.687191
"542",-73.769559,40.687191
"543",-73.769559,40.687191
"544",-73.769559,40.687191
"545",-73.769559,40.687191
"546",-73.769559,40.687191
"547",-73.769559,40.687191
"548",-73.769559,40.687191
"549",-74.11457,40.625382
"550",-74.114738,40.625756
"551",-74.114211,40.624698
"552",-74.100443,40.644816
"553",-74.101038,40.644885
"554",-74.101629,40.645123
"555",-74.102285,40.645317
"556",-74.10288,40.645439
"557",-74.103398,40.645453
"558",-74.101846,40.641798
"559",-74.101869,40.641982
"560",-74.102404,40.64382
"561",-74.102002,40.641797
"562",-74.102026,40.641963
"563",-74.102245,40.643782
"564",-74.102688,40.642339
"565",-74.102285,40.643167
"566",-73.751402,40.602349
"567",-73.751402,40.602349
"568",-73.751402,40.602349
"569",-73.751402,40.602349
"570",-74.077292,40.627089
"571",-74.075848,40.62686
"572",-74.076173,40.626579
"573",-73.936816,40.793669
"574",-73.936816,40.793669
"575",-73.936816,40.793669
"576",-74.0076720715,40.7427538286
"577",-73.936816,40.793669
"578",-73.936816,40.793669
"579",-73.936816,40.793669
"580",-73.936759,40.793305
"581",-73.936242,40.793748
"582",-74.076763,40.637317
"583",-74.005462,40.729564
"584",-74.005462,40.729564
"585",-74.005462,40.729564
"586",-74.005462,40.729564
"587",-74.005462,40.729564
"588",-73.998629,40.732142
"589",-73.997778,40.731863
"590",-73.99684,40.731351
"591",-73.996079,40.730975
"592",-73.997476,40.729856
"593",-73.997991,40.730255
"594",-73.998476,40.730394
"595",-73.999042,40.731844
"596",-73.95969,40.818499
"597",-73.95969,40.82059
"598",-73.910588,40.747454
"599",-73.910576,40.747518
"600",-73.909415,40.746238
"601",-73.907408,40.745691
"602",-73.90888,40.746853
"603",-73.909532,40.74745
"604",-74.188231,40.519237
"605",-74.189765,40.518167
"606",-74.190996,40.517283
"607",-74.190323,40.517045
"608",-74.189823,40.517148
"609",-73.821334,40.694095
"610",-73.822368,40.694165
"611",-73.822817,40.695077
"612",-73.820593,40.694624
"613",-73.820841,40.695132
"614",-73.99798,40.71025
"615",-73.99798,40.71025
"616",-73.785705,40.70389
"617",-73.785122,40.702982
"618",-73.784529,40.702057
"619",-73.783594,40.702707
"620",-73.783924,40.703373
"621",-73.784562,40.704265
"622",-74.00014,40.598257
"623",-74.00027,40.5977
"624",-74.001112,40.597585
"625",-74.000282,40.597176
"626",-73.999685,40.597154
"627",-74.001359,40.597161
"628",-74.001135,40.59815
"629",-73.871349,40.87301
"630",-73.870472,40.85398
"631",-73.9027,40.6571
"632",-73.903152,40.657028
"633",-73.894626,40.864781
"634",-73.901808,40.657213
"635",-73.9028,40.6567
"636",-73.9027,40.6564
"637",-73.9025,40.6561
"638",-73.90257,40.6562
"639",-73.90276,40.6561
"640",-73.90286,40.6521
"641",-73.90285,40.6559
"642",-73.909734,40.842327
"643",-73.909631,40.841708
"644",-73.90548,40.84112
"645",-73.9071,40.8416
"646",-73.90678,40.84122
"647",-73.90848,40.8377
"648",-73.90834,40.83814
"649",-73.981894,40.573739
"650",-73.981827,40.573218
"651",-73.981826,40.573218
"652",-73.981996,40.574278
"653",-73.977901,40.574582
"654",-73.977867,40.574915
"655",-73.977982,40.574062
"656",-73.977863,40.573491
"657",-73.977563,40.573527
"658",-73.977366,40.573551
"659",-73.977366,40.573551
"660",-73.978297,40.573439
"661",-73.97851,40.573432
"662",-73.978872,40.573381
"663",-74.0045885368,40.7445703086
"664",-73.978937,40.573384
"665",-73.978937,40.573384
"666",-73.979853,40.573428
"667",-73.980344,40.57341
"668",-73.979855,40.573276
"669",-73.980012,40.573266
"670",-73.980143,40.573253
"671",-73.980356,40.573227
"672",-73.985629,40.572784
"673",-73.985618,40.572675
"674",-73.985618,40.572675
"675",-73.985747,40.572669
"676",-73.985747,40.572669
"677",-73.986039,40.572664
"678",-73.897582,40.83448
"679",-73.898171,40.834623
"680",-73.900089,40.835691
"681",-73.894981,40.83666
"682",-73.89377,40.836972
"683",-73.89331,40.837117
"684",-73.890395,40.837184
"685",-73.894893,40.837503
"686",-73.893658,40.837539
"687",-73.890376,40.837704
"688",-73.893478,40.838058
"689",-73.893388,40.838217
"690",-73.888714,40.838988
"691",-73.888714,40.838989
"692",-73.887464,40.839709
"693",-73.887757,40.83971
"694",-73.89537,40.839892
"695",-73.895219,40.840107
"696",-73.895168,40.840526
"697",-73.898372,40.840664
"698",-73.891398,40.840706
"699",-73.896045,40.84071
"700",-73.8919,40.8412
"701",-73.892961,40.841626
"702",-73.894399,40.841693
"703",-73.894281,40.84182
"704",-73.894094,40.842046
"705",-73.897951,40.881477
"706",-73.838292,40.816436
"707",-73.826654,40.821599
"708",-73.82621,40.821068
"709",-73.825839,40.820619
"710",-73.82387,40.818063
"711",-73.82368,40.817732
"712",-73.837449,40.816357
"713",-73.837671,40.815346
"714",-73.833998,40.816412
"715",-73.82456,40.818752
"716",-73.898502,40.81469
"717",-73.984689,40.623001
"718",-73.985265,40.623315
"719",-73.983592,40.623831
"720",-73.984404,40.624244
"721",-73.982884,40.623457
"722",-73.86554,40.87455
"723",-73.865005,40.874779
"724",-73.837825,40.87322
"725",-73.838671,40.872936
"726",-73.839478,40.872676
"727",-73.840586,40.87364
"728",-73.839181,40.874777
"729",-73.918627,40.694837
"730",-73.91851,40.694769
"731",-73.94647,40.68992
"732",-73.89791,40.824255
"733",-73.9227,40.828468
"734",-73.923075,40.828057
"735",-73.922677,40.827831
"736",-73.923008,40.827441
"737",-73.923631,40.827563
"738",-73.924737,40.702978
"739",-73.924087,40.703308
"740",-73.930671,40.603993
"741",-73.93043,40.604137
"742",-73.93076,40.604068
"743",-73.930027,40.605008
"744",-73.928466,40.606029
"745",-73.931063,40.604383
"746",-73.842668,40.840657
"747",-73.842668,40.840657
"748",-73.842602,40.840672
"749",-73.82495,40.846052
"750",-73.896288,40.894246
"751",-73.89622,40.893739
"752",-73.88169,40.844468
"753",-73.881968,40.844141
"754",-73.87845,40.876541
"755",-73.878725,40.876827
"756",-73.878874,40.876855
"757",-73.878542,40.876643
"758",-73.87548,40.878445
"759",-73.876273,40.876788
"760",-73.879322,40.877001
"761",-73.877384,40.876099
"762",-73.878749,40.8762
"763",-73.94406,40.65831
"764",-73.94406,40.65831
"765",-73.94723,40.658
"766",-73.94723,40.658
"767",-73.94716,40.65743
"768",-73.94716,40.65743
"769",-73.824472,40.846314
"770",-73.823952,40.846606
"771",-73.822992,40.8471
"772",-73.82223,40.847596
"773",-73.821071,40.848159
"774",-73.82075,40.848322
"775",-73.82105,40.849233
"776",-73.821055,40.849196
"777",-73.821752,40.850208
"778",-73.821777,40.850232
"779",-73.894553,40.864437
"780",-73.895115,40.864458
"781",-73.894227,40.865167
"782",-73.968489,40.650721
"783",-73.96846,40.65068
"784",-73.968429,40.650738
"785",-73.965843,40.6507
"786",-73.965168,40.660469
"787",-73.965121,40.660842
"788",-73.965252,40.661197
"789",-73.963991,40.657452
"790",-73.963991,40.657452
"791",-73.963991,40.657452
"792",-73.963697,40.657001
"793",-73.963697,40.657001
"794",-73.963697,40.657001
"795",-73.963697,40.657001
"796",-73.8598,40.84459
"797",-73.8598,40.84459
"798",-73.918933,40.685043
"799",-73.91907,40.685032
"800",-73.835951,40.887637
"801",-73.840133,40.888783
"802",-73.838521,40.885284
"803",-73.83497,40.886622
"804",-73.899037,40.86473
"805",-73.899037,40.86473
"806",-73.899037,40.86473
"807",-73.934698,40.674013
"808",-73.935053,40.67404
"809",-73.935166,40.673801
"810",-73.93463,40.67343
"811",-73.934717,40.673866
"812",-73.934785,40.673805
"813",-73.935109,40.673781
"814",-73.935014,40.673755
"815",-73.934892,40.673752
"816",-73.934867,40.673727
"817",-73.934935,40.673695
"818",-73.914138,40.811544
"819",-73.914138,40.811544
"820",-73.914138,40.811544
"821",-73.914138,40.811544
"822",-73.914138,40.811544
"823",-73.914138,40.811544
"824",-73.914138,40.811544
"825",-73.984734,40.576111
"826",-73.9835,40.57585
"827",-73.98567,40.57564
"828",-73.8811,40.8177
"829",-73.783477,40.678334
"830",-73.78942,40.6676
"831",-73.78825,40.68161
"832",-73.78747,40.68053
"833",-73.78745,40.67963
"834",-73.78482,40.68301
"835",-73.9065,40.8631
"836",-73.9227,40.8285
"837",-73.78589,40.68462
"838",-73.78722,40.68495
"839",-73.78711,40.67814
"840",-73.78695,40.67662
"841",-73.78444,40.67934
"842",-73.78468,40.68079
"843",-73.78678,40.67268
"844",-73.78517,40.67318
"845",-73.78254,40.67609
"846",-73.78412,40.67486
"847",-73.9943,40.7015
"848",-73.78744,40.67506
"849",-73.78955,40.67454
"850",-73.78861,40.6714
"851",-73.78896,40.66978
"852",-73.80905,40.771229
"853",-73.808748,40.769751
"854",-73.807508,40.769652
"855",-73.805968,40.769536
"856",-73.805507,40.770532
"857",-73.984222,40.754447
"858",-73.9988,40.6943
"859",-73.983094,40.754317
"860",-73.983964,40.753164
"861",-73.984769,40.753689
"862",-73.98164,40.752776
"863",-73.995382,40.68063
"864",-73.995382,40.68063
"865",-73.82472,40.75141
"866",-73.82284,40.75014
"867",-73.81732,40.7437
"868",-73.81396,40.74366
"869",-73.9903999999,40.7359999997
"870",-73.9833000001,40.7537999998
"871",-74.0019,40.693
"872",-73.81357,40.74549
"873",-73.81151,40.74243
"874",-73.82121,40.74849
"875",-73.80419,40.74381
"876",-73.80816,40.74191
"877",-73.80342,40.74589
"878",-73.80286,40.74726
"879",-73.8027,40.74914
"880",-73.80506,40.75
"881",-73.80719,40.75017
"882",-73.8117,40.74761
"883",-73.9755,40.6915
"884",-73.9462,40.6898
"885",-73.81815,40.74756
"886",-73.988692,40.742378
"887",-73.9883,40.7431
"888",-73.987914,40.7411
"889",-73.987364,40.741875
"890",-73.986906,40.742492
"891",-73.98894,40.74148
"892",-73.976164,40.663256
"893",-73.976292,40.663019
"894",-73.9502,40.7201
"895",-73.9683,40.6509
"896",-73.974,40.7729
"897",-73.9709,40.771
"898",-73.9771,40.7721
"899",-73.9712,40.768
"900",-73.976292,40.663094
"901",-73.976083,40.663381
"902",-73.765364,40.675979
"903",-73.770693,40.679472
"904",-73.767752,40.679963
"905",-73.985075,40.785958
"906",-73.99798,40.71025
"907",-73.9361,40.8292
"908",-73.9443,40.8048
"909",-73.99798,40.71025
"910",-73.99798,40.71025
"911",-73.99798,40.71025
"912",-73.99798,40.71025
"913",-73.99798,40.71025
"914",-73.737718,40.739154
"915",-73.736825,40.739353
"916",-73.73592,40.739547
"917",-73.735041,40.739739
"918",-73.73458,40.739909
"919",-74.0149,40.7016
"920",-74.0168,40.703
"921",-73.734311,40.740214
"922",-73.825241,40.75797
"923",-73.825078,40.75858
"924",-73.997656,40.696675
"925",-73.997486,40.696989
"926",-73.997333,40.697344
"927",-73.997183,40.697669
"928",-73.996944,40.698103
"929",-73.990349,40.696732
"930",-74.00089,40.749908
"931",-74.0162138359,40.7154881544
"932",-74.0073877576,40.7431927759
"933",-73.9862316255,40.605690343
"934",-73.9894467672,40.6230645344
"935",-74.000711,40.749783
"936",-74.002068,40.74827
"937",-74.002068,40.74827
"938",-74.002068,40.74827
"939",-74.002068,40.74827
"940",-74.002068,40.74827
"941",-74.006961,40.712307
"942",-74.009903,40.70935
"943",-74.108186,40.618064
"944",-73.7946780399,40.7078731318
"945",-73.8808642734,40.7129435708
"946",-73.8251699639,40.7429309465
"947",-73.9348475633,40.8030181614
"948",-73.9682243829,40.6723435263
"949",-74.0136300012,40.645912124
"950",-73.9434510796,40.7942156129
"951",-73.966030666,40.6873790941
"952",-74.0037002996,40.7071990996
"953",-74.0036011004,40.7070998997
"954",-74.0035019003,40.7070006997
"955",-74.0031966998,40.7066001999
"956",-74.0026015994,40.7051010003
"957",-74.0022963999,40.7047997001
"958",-74.0049973006,40.7070998998
"959",-74.0045012998,40.7065010001
"960",-74.0061035001,40.7062988002
"961",-74.0093001995,40.7048987998
"962",-74.0089035001,40.7047004998
"963",-74.0083008003,40.7047004998
"964",-74.0062665941,40.7394860202
"965",-74.0066367391,40.7444079933
"966",-74.0042603013,40.7426075127
"967",-74.0051,40.7474
"968",-74.0029621124,40.7424774535
"969",-74.0007090572,40.7422986209
"970",-74.007017612,40.7436967487
"971",-74.0011113879,40.7415548385
"972",-74.0018570427,40.741900312
"973",-74.003412724,40.7439893758
"974",-74.0054512019,40.7409980115
"975",-74.0050435071,40.7441275609
"976",-74.006003738,40.7402582786
"977",-74.0052151686,40.7434061518
"978",-74.0017175673,40.7427700859
"979",-74.0034019945,40.7409492377
"980",-74.0068030355,40.7432415473
"981",-74.0036487581,40.7434366339
"982",-74.0019750591,40.7402745363
"983",-74.108185,40.61775
"984",-74.108185,40.61775
"985",-74.0040446358,40.7418463958
"986",-74.0080261233,40.7433065761
"987",-73.949511,40.720079
"988",-73.949511,40.720079
"989",-73.949511,40.720079
"990",-74.017875,40.625004
"991",-74.017344,40.625313
"992",-74.016509,40.62588
"993",-74.01579,40.62638
"994",-74.016787,40.626553
"995",-73.960502,40.715088
"996",-73.960502,40.715088
"997",-74.0042110753,40.7421021446
"998",-74.090642,40.568366
"999",-74.08949,40.569365
"1000",-74.088547,40.570195
"1001",-74.087293,40.571268
"1002",-74.086013,40.572313
"1003",-74.084406,40.573338
"1004",-74.081683,40.575083
"1005",-74.080677,40.575748
"1006",-74.079987,40.576236
"1007",-74.079624,40.576483
"1008",-74.078581,40.577222
"1009",-74.077993,40.577772
"1010",-74.076801,40.578631
"1011",-74.076359,40.579581
"1012",-74.075899,40.579986
"1013",-73.835528,40.710818
"1014",-73.835599,40.709773
"1015",-73.835515,40.710688
"1016",-74.032091,40.639278
"1017",-74.031933,40.639231
"1018",-74.031896,40.639292
"1019",-73.88777,40.658662
"1020",-73.88744,40.658148
"1021",-73.887583,40.658385
"1022",-73.927311,40.825696
"1023",-73.927731,40.825815
"1024",-73.928134,40.825947
"1025",-73.928537,40.826103
"1026",-73.929249,40.826378
"1027",-73.926762,40.826567
"1028",-73.926461,40.82707
"1029",-73.926903,40.827868
"1030",-73.927457,40.828149
"1031",-73.928356,40.827902
"1032",-73.928565,40.827799
"1033",-73.929158,40.827552
"1034",-73.94556,40.57776
"1035",-73.94355,40.57798
"1036",-73.94359,40.57696
"1037",-73.94459,40.57687
"1038",-73.94182,40.57817
"1039",-73.94091,40.57829
"1040",-73.93907,40.57843
"1041",-73.93992,40.57838
"1042",-73.94273,40.57811
"1043",-73.9446,40.57787
"1044",-73.94552,40.57622
"1045",-73.94698,40.5761
"1046",-73.94359,40.57696
"1047",-73.94359,40.57696
"1048",-73.94459,40.57687
"1049",-73.923816,40.70254
"1050",-73.923628,40.703041
"1051",-74.0083050731,40.7431196183
"1052",-74.0047109131,40.7415832891
"1053",-74.001803398,40.7410467844
"1054",-74.0059179066,40.7436317201
"1055",-73.937553,40.810014
"1056",-73.947426,40.795988
"1057",-73.952457,40.808227
"1058",-73.952793,40.807543
"1059",-73.941404,40.811042
"1060",-73.952396,40.798959
"1061",-73.947042,40.805097
"1062",-73.948564,40.80409
"1063",-73.939012,40.809888
"1064",-73.948989,40.808338
"1065",-73.940443,40.814105
"1066",-73.939685,40.815132
"1067",-73.94003,40.814563
"1068",-73.950717,40.797467
"1069",-73.950994,40.799703
"1070",-73.950994,40.799435
"1071",-73.946159,40.803786
"1072",-73.988721,40.69186
"1073",-73.988841,40.691677
"1074",-73.988711,40.691569
"1075",-73.983226,40.690137
"1076",-73.982325,40.690072
"1077",-73.955589,40.779492
"1078",-73.926138,40.810476
"1079",-73.929849,40.813224
"1080",-73.926718,40.81841
"1081",-73.981328,40.690233
"1082",-73.981214,40.689967
"1083",-73.980928,40.689989
"1084",-73.981414,40.690622
"1085",-73.989635,40.690883
"1086",-73.989635,40.690883
"1087",-73.989635,40.690883
"1088",-73.989635,40.690883
"1089",-73.989635,40.690883
"1090",-73.927351,40.818375
"1091",-74.000201,40.737826
"1092",-74.00169,40.740893
"1093",-73.996786,40.737335
"1094",-73.996209,40.738228
"1095",-73.997871,40.74104
"1096",-73.995657,40.744081
"1097",-73.998041,40.745906
"1098",-73.989344,40.741303
"1099",-73.989635,40.690883
"1100",-73.989635,40.690883
"1101",-73.991995,40.689985
"1102",-73.991944,40.689906
"1103",-73.992821,40.742878
"1104",-73.986599,40.739864
"1105",-73.993365,40.747215
"1106",-73.988691,40.745494
"1107",-73.992083,40.689967
"1108",-73.992,40.689997
"1109",-73.991897,40.690022
"1110",-73.98397,40.695578
"1111",-73.988117,40.689924
"1112",-73.988117,40.689924
"1113",-73.987162,40.689319
"1114",-73.987846,40.690296
"1115",-73.987162,40.689319
"1116",-73.984264,40.74307
"1117",-73.982076,40.746081
"1118",-73.98795,40.749567
"1119",-73.987823,40.749719
"1120",-73.984569,40.754222
"1121",-73.989735,40.757308
"1122",-73.981329,40.758663
"1123",-73.984139,40.759901
"1124",-73.985984,40.762456
"1125",-73.983849,40.761728
"1126",-73.977451,40.763971
"1127",-73.9678485166,40.7959199908
"1128",-73.786366589,40.8476919036
"1129",-73.8995244212,40.6422084532
"1130",-73.9554283575,40.5869999561
"1131",-73.867942,40.9004399098
"1132",-74.0103512916,40.6752551911
"1133",-73.9485661367,40.6753708519
"1134",-73.980658,40.764664
"1135",-73.9785414755,40.6834588325
"1136",-73.7148377572,40.7451505182
"1137",-73.8783843503,40.874379814
"1138",-73.7840400286,40.593146783
"1139",-73.9396745829,40.834515209
"1140",-73.92396467,40.5913570544
"1141",-73.9506902935,40.7260506623
"1142",-73.9027725428,40.9037227771
"1143",-73.8830446904,40.8446740907
"1144",-73.9243663402,40.8115962129
"1145",-73.7537966712,40.7070105556
"1146",-73.951341694,40.7706525435
"1147",-73.8614464594,40.6945465785
"1148",-73.9693817047,40.7621860177
"1149",-73.9804076673,40.7273073125
"1150",-73.9647620603,40.8060908156
"1151",-73.9287188126,40.7723828899
"1152",-73.915132416,40.6848100477
"1153",-73.8286579311,40.8705019246
"1154",-74.2441067083,40.5095311239
"1155",-73.9480324189,40.8256723738
"1156",-73.9079833715,40.8803222773
"1157",-73.7390438189,40.7198855543
"1158",-73.9535307443,40.802979882
"1159",-73.8583552177,40.8337362974
"1160",-73.8893046486,40.6344746052
"1161",-73.8207190696,40.7259184856
"1162",-73.9518056716,40.7859597986
"1163",-73.9912208178,40.7649346184
"1164",-74.0778460903,40.6262376099
"1165",-74.1011372894,40.590391336
"1166",-73.7382294408,40.768225432
"1167",-73.9816985108,40.7518915617
"1168",-74.1311046151,40.637585616
"1169",-73.8740334898,40.6727060872
"1170",-73.9442238947,40.7552001994
"1171",-73.9122106175,40.6974822489
"1172",-74.0629804652,40.5958181468
"1173",-73.9605993696,40.5952368631
"1174",-74.0118696682,40.6292120977
"1175",-73.9442436779,40.7470624208
"1176",-73.9476200285,40.6357412846
"1177",-73.8460132784,40.786249136
"1178",-73.8430149968,40.7221469532
"1179",-74.0766457652,40.6417853679
"1180",-73.9582421825,40.651925081
"1181",-73.8278899073,40.8442926727
"1182",-73.8939224115,40.8827597562
"1183",-73.9175826513,40.8265919268
"1184",-73.8098334843,40.7637503163
"1185",-73.9283986674,40.6948167
"1186",-73.9093163503,40.8574218942
"1187",-73.941124923,40.5948615151
"1188",-73.7399110132,40.6599636231
"1189",-73.8860705368,40.6651593697
"1190",-73.9017889765,40.8312637226
"1191",-73.8616559293,40.7374341379
"1192",-74.0033765451,40.60800935
"1193",-73.8628899561,40.8187093522
"1194",-73.8641435801,40.8548777848
"1195",-73.9303739197,40.6486367052
"1196",-73.8850693247,40.7501960856
"1197",-73.9959597161,40.7445100483
"1198",-73.864502826,40.7273165603
"1199",-74.0119885202,40.616308137
"1200",-73.9980190603,40.6832135153
"1201",-73.796343186,40.7737521088
"1202",-73.8682002957,40.7577118988
"1203",-73.8107165591,40.7885314443
"1204",-73.8859090476,40.6532640727
"1205",-73.8194531201,40.7100345578
"1206",-73.8983402556,40.8460423249
"1207",-73.9877837339,40.7289209029
"1208",-73.9338659131,40.8478700412
"1209",-73.9767572777,40.6487169711
"1210",-73.9777326329,40.6944896983
"1211",-73.9603144928,40.6258933072
"1212",-73.9845468452,40.7735069912
"1213",-73.887239509,40.680687107
"1214",-73.7396425691,40.6947772916
"1215",-73.9718084463,40.59054439
"1216",-73.8269158096,40.7711255247
"1217",-73.8288846851,40.7577740683
"1218",-73.7556816711,40.7344862637
"1219",-73.9726324717,40.7568571776
"1220",-73.8098798843,40.7330342416
"1221",-73.9146700146,40.8862733773
"1222",-73.7456735613,40.676952728
"1223",-73.951283498,40.6916230873
"1224",-73.7822740472,40.7415435746
"1225",-73.9667748762,40.576107747
"1226",-73.7843029637,40.7575456796
"1227",-73.8408371279,40.8888948958
"1228",-74.0295383519,40.6336257134
"1229",-73.9913479881,40.6956825552
"1230",-73.9774521159,40.7848346367
"1231",-73.9094170178,40.7768170122
"1232",-73.861976844,40.7508940804
"1233",-73.8466216551,40.8411050877
"1234",-73.9258533096,40.8657295413
"1235",-73.9890077838,40.6388851668
"1236",-73.9216691603,40.7408087817
"1237",-73.8931045649,40.7269953701
"1238",-73.9570639052,40.8137734314
"1239",-73.9844546501,40.7742029054
"1240",-73.941197673,40.8148204092
"1241",-73.87386663,40.7624221297
"1242",-73.7170989707,40.7351569903
"1243",-73.9086034329,40.6715266559
"1244",-73.9481022991,40.6611893077
"1245",-73.9336508496,40.6684865101
"1246",-73.777008814,40.7825312039
"1247",-73.760108788,40.6925280532
"1248",-73.9595499458,40.7649150063
"1249",-73.9564040689,40.7736058206
"1250",-73.8160616201,40.5858394078
"1251",-74.193236856,40.5340582999
"1252",-73.89306,40.860215
"1253",-73.903244,40.862644
"1254",-73.898023,40.861349
"1255",-73.898581,40.861655
"1256",-73.898553,40.859153
"1257",-73.926847,40.819886
"1258",-73.897624,40.867362
"1259",-73.915848,40.839445
"1260",-73.901091,40.857756
"1261",-73.89873,40.867627
"1262",-73.899576,40.867828
"1263",-73.900316,40.862314
"1264",-73.902369,40.86063
"1265",-73.921747,40.831467
"1266",-73.905553,40.853042
"1267",-73.905403,40.853157
"1268",-73.92837,40.818942
"1269",-73.925904,40.827549
"1270",-73.925223,40.827355
"1271",-73.924842,40.827828
"1272",-73.983364,40.765828
"1273",-73.98199,40.766175
"1274",-73.988399,40.746624
"1275",-73.988006,40.749663
"1276",-73.986941,40.754494
"1277",-73.986363,40.754846
"1278",-73.984541,40.760413
"1279",-73.984867,40.760269
"1280",-73.98442,40.760646
"1281",-73.984234,40.760622
"1282",-73.984642,40.76072
"1283",-73.984278,40.760883
"1284",-73.982638,40.763981
"1285",-73.98231,40.764127
"1286",-73.982385,40.764676
"1287",-73.987781,40.750087
"1288",-73.987162,40.733107
"1289",-73.987044,40.733694
"1290",-73.987384,40.73347
"1291",-73.986675,40.733794
"1292",-73.98618,40.734499
"1293",-73.980628,40.742625
"1294",-73.976353,40.748387
"1295",-73.976516,40.74829
"1296",-73.969132,40.758276
"1297",-73.982889,40.739531
"1298",-73.986265,40.734772
"1299",-73.98585,40.73535
"1300",-73.985322,40.735626
"1301",-73.974079,40.750729
"1302",-73.967177,40.760207
"1303",-73.9849,40.736214
"1304",-73.985171,40.735839
"1305",-73.985129,40.736334
"1306",-73.984751,40.736427
"1307",-73.984486,40.736789
"1308",-73.982424,40.740041
"1309",-73.982043,40.739964
"1310",-73.982383,40.740246
"1311",-73.981729,40.740573
"1312",-73.981576,40.740775
"1313",-73.981297,40.741169
"1314",-73.98068,40.742007
"1315",-73.979813,40.743093
"1316",-73.979652,40.743954
"1317",-73.979316,40.743876
"1318",-73.978416,40.745116
"1319",-73.977444,40.746449
"1320",-73.977695,40.746542
"1321",-73.976965,40.747672
"1322",-73.976782,40.74779
"1323",-73.976105,40.748289
"1324",-73.976034,40.748822
"1325",-73.97536,40.748732
"1326",-73.975648,40.748914
"1327",-73.974741,40.750156
"1328",-73.974858,40.750389
"1329",-73.974468,40.75096
"1330",-73.974143,40.751406
"1331",-73.973765,40.751497
"1332",-73.972842,40.752666
"1333",-73.972445,40.753196
"1334",-73.972326,40.753899
"1335",-73.97218,40.754092
"1336",-73.971879,40.754513
"1337",-73.971024,40.75523
"1338",-73.971032,40.755874
"1339",-73.971265,40.755362
"1340",-73.970145,40.756324
"1341",-73.970107,40.756503
"1342",-73.969813,40.75691
"1343",-73.9134,40.839306
"1344",-73.918438,40.833773
"1345",-73.890549,40.820948
"1346",-73.967258,40.76266
"1347",-73.905227,40.85041
"1348",-73.910136,40.8459
"1349",-73.925651,40.827905
"1350",-73.969055,40.757552
"1351",-73.967967,40.762526
"1352",-73.97192,40.757107
"1353",-73.897749,40.861296
"1354",-73.917757,40.816109
"1355",-73.900741,40.856093
"1356",-73.956872,40.717304
"1357",-73.944053,40.714565
"1358",-73.954449,40.731352
"1359",-73.951277,40.724635
"1360",-73.997702,40.724329
"1361",-74.002906,40.733422
"1362",-74.005367,40.728251
"1363",-73.992629,40.730328
"1364",-74.001775,40.719527
"1365",-74.00046,40.718383
"1366",-74.006978,40.713282
"1367",-73.993915,40.72028
"1368",-73.999892,40.718092
"1369",-73.986122,40.732849
"1370",-73.981628,40.730953
"1371",-74.000495,40.732338
"1372",-74.003739,40.726227
"1373",-74.005229,40.720824
"1374",-74.008585,40.714111
"1375",-74.009781,40.712582
"1376",-73.993753,40.718267
"1377",-74.006277,40.722854
"1378",-74.006886,40.719318
"1379",-74.009266,40.715478
"1380",-74.013783,40.707513
"1381",-74.008811,40.713051
"1382",-74.0091,40.706821
"1383",-73.997141,40.722301
"1384",-74.000193,40.718803
"1385",-73.951418,40.712792
"1386",-73.950275,40.714063
"1387",-74.013342,40.70722
"1388",-74.003401,40.713243
"1389",-73.994659,40.725915
"1390",-74.011862,40.707557
"1391",-73.968987,40.758518
"1392",-73.968727,40.758993
"1393",-73.968709,40.758397
"1394",-73.981155,40.695317
"1395",-73.96841,40.758817
"1396",-73.968242,40.75961
"1397",-73.968048,40.759756
"1398",-73.967592,40.760003
"1399",-73.967826,40.759631
"1400",-73.967777,40.760136
"1401",-73.967303,40.760346
"1402",-73.967551,40.760462
"1403",-73.966388,40.761604
"1404",-74.002597,40.739442
"1405",-74.00094,40.742297
"1406",-73.982247,40.767271
"1407",-73.999902,40.743582
"1408",-73.999405,40.744263
"1409",-73.998993,40.744403
"1410",-73.999171,40.744589
"1411",-73.998736,40.74475
"1412",-73.996434,40.747905
"1413",-73.985061,40.763424
"1414",-73.998618,40.745445
"1415",-73.989409,40.757544
"1416",-73.989252,40.757753
"1417",-73.997753,40.745929
"1418",-73.983101,40.766642
"1419",-73.98315,40.766947
"1420",-73.982855,40.766964
"1421",-73.992341,40.754138
"1422",-73.997136,40.747381
"1423",-73.995553,40.749122
"1424",-73.982576,40.767363
"1425",-73.995525,40.749828
"1426",-73.995059,40.75023
"1427",-73.992756,40.752709
"1428",-73.992762,40.752949
"1429",-73.992731,40.75343
"1430",-73.992565,40.753643
"1431",-73.991871,40.754171
"1432",-73.991821,40.754668
"1433",-73.991376,40.755283
"1434",-73.991425,40.7555
"1435",-73.990935,40.755879
"1436",-73.988905,40.758668
"1437",-73.988782,40.758832
"1438",-73.988585,40.759109
"1439",-73.988186,40.759221
"1440",-74.002748,40.739672
"1441",-73.987254,40.76107
"1442",-73.986828,40.761094
"1443",-74.002305,40.739846
"1444",-74.002214,40.739722
"1445",-73.986295,40.762247
"1446",-73.986052,40.762151
"1447",-73.985923,40.762331
"1448",-73.984767,40.764338
"1449",-73.984229,40.764646
"1450",-73.984544,40.764212
"1451",-73.98447,40.764744
"1452",-73.984099,40.764823
"1453",-73.984336,40.764934
"1454",-73.983593,40.765522
"1455",-73.983853,40.765604
"1456",-73.983549,40.766012
"1457",-73.987529,40.760569
"1458",-73.988118,40.759748
"1459",-73.986159,40.762432
"1460",-73.986836,40.760895
"1461",-73.986606,40.761816
"1462",-73.987975,40.759938
"1463",-73.987773,40.759654
"1464",-73.965806,40.762092
"1465",-73.965443,40.762896
"1466",-73.965653,40.763037
"1467",-73.96253,40.767309
"1468",-73.962305,40.767231
"1469",-73.961971,40.767655
"1470",-73.962256,40.767853
"1471",-73.960952,40.768943
"1472",-73.960254,40.770545
"1473",-73.959928,40.770456
"1474",-73.958697,40.772144
"1475",-73.958536,40.772356
"1476",-73.958948,40.772365
"1477",-73.958769,40.772478
"1478",-73.958474,40.773003
"1479",-73.958235,40.772825
"1480",-73.957965,40.773727
"1481",-73.957499,40.774207
"1482",-73.95709,40.77435
"1483",-73.956665,40.774855
"1484",-73.955933,40.776367
"1485",-73.955586,40.776833
"1486",-73.955139,40.77702
"1487",-73.954752,40.777561
"1488",-73.955153,40.777528
"1489",-73.954541,40.778272
"1490",-73.954428,40.778003
"1491",-73.95399,40.7786
"1492",-73.953717,40.778603
"1493",-73.953663,40.778792
"1494",-73.95398,40.779038
"1495",-73.953715,40.779535
"1496",-73.953537,40.779635
"1497",-73.9524,40.780782
"1498",-73.952279,40.781503
"1499",-73.951699,40.782159
"1500",-73.951263,40.782768
"1501",-73.950553,40.783285
"1502",-73.949875,40.784663
"1503",-73.949032,40.785818
"1504",-73.947944,40.787309
"1505",-73.946262,40.789608
"1506",-73.945683,40.790401
"1507",-73.945348,40.790862
"1508",-73.944898,40.791482
"1509",-73.944221,40.791275
"1510",-73.944231,40.792394
"1511",-73.943977,40.792292
"1512",-73.943784,40.793009
"1513",-73.942861,40.794274
"1514",-73.942398,40.794912
"1515",-73.940337,40.797303
"1516",-73.940258,40.797836
"1517",-73.940035,40.797709
"1518",-73.940174,40.798156
"1519",-73.937249,40.801528
"1520",-73.93729,40.801899
"1521",-73.93672,40.802663
"1522",-73.93627,40.80287
"1523",-73.93611,40.803517
"1524",-73.936139,40.803731
"1525",-73.963586,40.765881
"1526",-73.982001,40.774723
"1527",-73.982571,40.774894
"1528",-73.982507,40.774757
"1529",-73.982408,40.774646
"1530",-73.981829,40.77539
"1531",-73.982429,40.776474
"1532",-73.981899,40.777137
"1533",-73.98218,40.778607
"1534",-73.982074,40.779099
"1535",-73.981991,40.779331
"1536",-73.981309,40.780321
"1537",-73.981168,40.780825
"1538",-73.981524,40.780993
"1539",-73.980961,40.781474
"1540",-73.980793,40.781694
"1541",-73.980833,40.781843
"1542",-73.980586,40.782528
"1543",-73.980253,40.783191
"1544",-73.978781,40.785005
"1545",-73.978293,40.785813
"1546",-73.977987,40.78622
"1547",-73.977693,40.786204
"1548",-73.9783,40.786403
"1549",-73.977483,40.786896
"1550",-73.976545,40.788006
"1551",-73.974297,40.790899
"1552",-73.97481,40.790818
"1553",-73.973822,40.791401
"1554",-73.973425,40.791943
"1555",-73.972036,40.79382
"1556",-73.972568,40.794041
"1557",-73.971048,40.795171
"1558",-73.970651,40.796762
"1559",-73.96963,40.797148
"1560",-73.968326,40.798954
"1561",-73.96823,40.79933
"1562",-73.967782,40.800581
"1563",-73.967493,40.802126
"1564",-73.968149,40.802455
"1565",-73.967379,40.802944
"1566",-73.967381,40.803721
"1567",-73.965526,40.805472
"1568",-73.974135,40.75096
"1569",-73.965081,40.805923
"1570",-73.955267,40.820281
"1571",-73.954821,40.82077
"1572",-73.953676,40.822319
"1573",-73.953007,40.822495
"1574",-73.953041,40.823326
"1575",-73.964212,40.808039
"1576",-73.964488,40.807508
"1577",-73.951597,40.824559
"1578",-73.951659,40.825091
"1579",-73.950907,40.825508
"1580",-73.950482,40.82609
"1581",-73.950028,40.827321
"1582",-73.949581,40.827932
"1583",-73.949288,40.82758
"1584",-73.949017,40.828097
"1585",-73.949135,40.828543
"1586",-73.948869,40.829037
"1587",-73.947866,40.829675
"1588",-73.947909,40.830208
"1589",-73.947195,40.830586
"1590",-73.946986,40.830876
"1591",-73.942787,40.836501
"1592",-74.001021,40.718036
"1593",-74.000962,40.717828
"1594",-74.001523,40.717484
"1595",-74.001743,40.717243
"1596",-74.00257,40.716033
"1597",-73.985928,40.731157
"1598",-73.986394,40.730539
"1599",-73.985882,40.730881
"1600",-73.986348,40.730249
"1601",-73.987875,40.72848
"1602",-73.987837,40.72824
"1603",-73.987965,40.728027
"1604",-73.989403,40.726049
"1605",-73.989698,40.725641
"1606",-73.993343,40.721716
"1607",-73.994078,40.720597
"1608",-73.994058,40.719905
"1609",-73.966917,40.803579
"1610",-73.965995,40.804835
"1611",-73.95619,40.813669
"1612",-73.952755,40.818371
"1613",-73.946952,40.825947
"1614",-73.952134,40.824578
"1615",-73.953499,40.822703
"1616",-73.95331,40.821918
"1617",-73.95935,40.814496
"1618",-73.966052,40.805516
"1619",-73.939041,40.799507
"1620",-73.944781,40.791202
"1621",-73.946443,40.827193
"1622",-73.946043,40.827195
"1623",-73.943722,40.830367
"1624",-73.942327,40.832283
"1625",-73.942268,40.832732
"1626",-73.94174,40.833447
"1627",-73.941447,40.833861
"1628",-73.941163,40.834247
"1629",-73.940919,40.834078
"1630",-73.940477,40.834815
"1631",-73.969281,40.798535
"1632",-73.982777,40.777227
"1633",-73.983247,40.775999
"1634",-73.983627,40.776066
"1635",-73.958069,40.773006
"1636",-73.993454,40.721425
"1637",-73.829803,40.71317
"1638",-73.836262,40.717664
"1639",-73.839741,40.719293
"1640",-73.833513,40.715758
"1641",-73.838184,40.718602
"1642",-73.988456,40.696027
"1643",-73.988118,40.695921
"1644",-73.987394,40.695902
"1645",-73.988482,40.69511
"1646",-73.988482,40.69511
"1647",-73.987394,40.695902
"1648",-73.988456,40.696027
"1649",-73.987331,40.695038
"1650",-73.988105,40.695107
"1651",-73.987671,40.695088
"1652",-73.987331,40.695038
"1653",-73.982195,40.693701
"1654",-73.982906,40.693862
"1655",-73.982909,40.693727
"1656",-73.982476,40.693859
"1657",-73.982192,40.693833
"1658",-73.98118,40.694893
"1659",-73.981679,40.694555
"1660",-73.981648,40.695544
"1661",-73.979752,40.69567
"1662",-73.980103,40.695295
"1663",-73.979547,40.695009
"1664",-73.979909,40.694623
"1665",-73.979813,40.694137
"1666",-73.979416,40.69454
"1667",-73.97518,40.694626
"1668",-73.975416,40.694892
"1669",-73.975024,40.694868
"1670",-73.975054,40.694394
"1671",-73.975336,40.694557
"1672",-73.973923,40.693392
"1673",-73.974614,40.694382
"1674",-73.977351,40.693724
"1675",-73.977796,40.69374
"1676",-73.977246,40.69368
"1677",-73.976981,40.693509
"1678",-73.976635,40.693493
"1679",-73.973193,40.693442
